[
    {
        "name": "Info",
        "file": "courseinfo",
        "showSmall": "true"
    },
    {
        "name": "COVID",
        "file": "covid",
        "showSmall": "false"
    },
    {
        "name": "Muon",
        "file": "muon",
        "showSmall": "false"
    },
    {
        "name": "Hubble",
        "file": "hubble",
        "showSmall": "false"
    },
    {
        "name": "NuTeV",
        "file": "nutev",
        "showSmall": "false"
    },
    {
        "name": "Spectrometer",
        "file": "spectrom",
        "showSmall": "false"
    },
    {
        "name": "Chua",
        "file": "chua",
        "showSmall": "false"
    },
   
    {
        "name": "Rotation",
        "file": "gyro",
        "showSmall": "false"
    }, 
    {
        "name": "Interferometer",
        "file": "michaelson",
        "showSmall": "false"
    },
    {
        "name": "Planck",
        "file": "planck",
        "showSmall": "false"
    }
]