[
    {
        "name": "Info",
        "file": "courseinfo",
        "showSmall": "true"
    },
    {
        "name": "COVID",
        "file": "covid",
        "showSmall": "false"
    },
    {
        "name": "Muon",
        "file": "muon",
        "showSmall": "false"
    },
    {
        "name": "Spectrometer",
        "file": "spectromx",
        "showSmall": "false"
    },
    {
        "name": "Chua",
        "file": "chuax",
        "showSmall": "false"
    },
   
    {
        "name": "Rotation",
        "file": "gyrox",
        "showSmall": "false"
    }, 
    {
        "name": "Interferometer",
        "file": "michaelsonx",
        "showSmall": "false"
    },
    {
        "name": "Planck",
        "file": "planckx",
        "showSmall": "false"
    }
]