[
    {
        "name": "Course Info",
        "file": "courseinfo",
        "showSmall": "false"
    },
    {
        "name": "Lab 0",
        "file": "lab_0",
        "showSmall": "true"
    },
    {
        "name": "Lab 1",
        "file": "lab_1",
        "showSmall": "true"
    },
    {
        "name": "Lab 2",
        "file": "lab_2",
        "showSmall": "true"
    },
    {
        "name": "Lab 3",
        "file": "lab_3",
        "showSmall": "true"
    },
    {
        "name": "Lab 4",
        "file": "lab_4",
        "showSmall": "true"
    },
    {
        "name": "Lab 5",
        "file": "lab_5",
        "showSmall": "true"
    },
    {
        "name": "Lab 6",
        "file": "lab_6",
        "showSmall": "true"
    }
]